day,forward,outcome,symbol,hypothesis,family,k,fired,eligible,validate_expectancy,traded_value_20d,tier,scan,paper,protocol,holdout_run,build_id,featureset,fp_code,code,recorded_at
2026-09-21,False,nothing,,,,,0,0,,,,914a3afc4d05fea0,45ed221c5145016a,0106fab4dc2f35a2,holdout-2026-09-24T08:46:45+00:00,5,d51a9d818b0a54de,d0db3c6fcc40ffa2,dbb243c0b80d5fb8,2026-09-24T13:29:31+00:00
2026-09-11,False,nothing,,,,,3,0,,,,914a3afc4d05fea0,45ed221c5145016a,0106fab4dc2f35a2,holdout-2026-09-24T08:46:45+00:00,5,d51a9d818b0a54de,d0db3c6fcc40ffa2,dbb243c0b80d5fb8,2026-09-24T13:29:32+00:00
2026-09-14,False,nothing,,,,,1,0,,,,914a3afc4d05fea0,45ed221c5145016a,0106fab4dc2f35a2,holdout-2026-09-24T08:46:45+00:00,5,d51a9d818b0a54de,d0db3c6fcc40ffa2,dbb243c0b80d5fb8,2026-09-24T13:29:32+00:00
2026-09-15,False,nothing,,,,,2,0,,,,914a3afc4d05fea0,45ed221c5145016a,0106fab4dc2f35a2,holdout-2026-09-24T08:46:45+00:00,5,d51a9d818b0a54de,d0db3c6fcc40ffa2,dbb243c0b80d5fb8,2026-09-24T13:29:33+00:00
2026-09-16,False,nothing,,,,,1,0,,,,914a3afc4d05fea0,45ed221c5145016a,0106fab4dc2f35a2,holdout-2026-09-24T08:46:45+00:00,5,d51a9d818b0a54de,d0db3c6fcc40ffa2,dbb243c0b80d5fb8,2026-09-24T13:29:33+00:00
2026-09-17,False,nothing,,,,,0,0,,,,914a3afc4d05fea0,45ed221c5145016a,0106fab4dc2f35a2,holdout-2026-09-24T08:46:45+00:00,5,d51a9d818b0a54de,d0db3c6fcc40ffa2,dbb243c0b80d5fb8,2026-09-24T13:29:34+00:00
2026-09-18,False,proposal,FPT,k5:marubozu_red+ma_50_rising+rvol_high,k5:marubozu_red+ma_50_rising+rvol_high,5,3,2,0.0102911516064759,454962899.50109595,3,914a3afc4d05fea0,45ed221c5145016a,0106fab4dc2f35a2,holdout-2026-09-24T08:46:45+00:00,5,d51a9d818b0a54de,d0db3c6fcc40ffa2,dbb243c0b80d5fb8,2026-09-24T13:29:34+00:00
2026-09-22,False,nothing,,,,,1,0,,,,a5be2561c39c60af,45ed221c5145016a,0106fab4dc2f35a2,holdout-2026-09-24T08:46:45+00:00,5,d51a9d818b0a54de,d0db3c6fcc40ffa2,2868d25f6f59b061,2026-10-05T05:06:19+00:00
2026-09-23,False,nothing,,,,,1,0,,,,a5be2561c39c60af,45ed221c5145016a,0106fab4dc2f35a2,holdout-2026-09-24T08:46:45+00:00,5,d51a9d818b0a54de,d0db3c6fcc40ffa2,2868d25f6f59b061,2026-10-05T05:06:19+00:00
2026-09-24,False,nothing,,,,,1,0,,,,a5be2561c39c60af,45ed221c5145016a,0106fab4dc2f35a2,holdout-2026-09-24T08:46:45+00:00,5,d51a9d818b0a54de,d0db3c6fcc40ffa2,2868d25f6f59b061,2026-10-05T05:06:19+00:00
2026-09-25,True,nothing,,,,,2,0,,,,a5be2561c39c60af,45ed221c5145016a,0106fab4dc2f35a2,holdout-2026-09-24T08:46:45+00:00,5,d51a9d818b0a54de,d0db3c6fcc40ffa2,2868d25f6f59b061,2026-10-05T05:06:19+00:00
2026-09-28,True,proposal,AAA,k5:marubozu_red+ma_50_rising+rvol_high,k5:marubozu_red+ma_50_rising+rvol_high,5,1,1,0.0102911516064759,16606742.0,2,a5be2561c39c60af,45ed221c5145016a,0106fab4dc2f35a2,holdout-2026-09-24T08:46:45+00:00,5,d51a9d818b0a54de,d0db3c6fcc40ffa2,2868d25f6f59b061,2026-10-05T05:06:20+00:00
2026-09-29,True,nothing,,,,,4,0,,,,a5be2561c39c60af,45ed221c5145016a,0106fab4dc2f35a2,holdout-2026-09-24T08:46:45+00:00,5,d51a9d818b0a54de,d0db3c6fcc40ffa2,2868d25f6f59b061,2026-10-05T05:06:20+00:00
2026-09-30,True,nothing,,,,,0,0,,,,a5be2561c39c60af,45ed221c5145016a,0106fab4dc2f35a2,holdout-2026-09-24T08:46:45+00:00,5,d51a9d818b0a54de,d0db3c6fcc40ffa2,2868d25f6f59b061,2026-10-05T05:06:20+00:00
2026-10-01,True,nothing,,,,,0,0,,,,a5be2561c39c60af,45ed221c5145016a,0106fab4dc2f35a2,holdout-2026-09-24T08:46:45+00:00,5,d51a9d818b0a54de,d0db3c6fcc40ffa2,2868d25f6f59b061,2026-10-05T05:06:21+00:00
2026-10-02,True,proposal,VNM,k5:marubozu_red+ma_50_rising+rvol_high,k5:marubozu_red+ma_50_rising+rvol_high,5,1,1,0.0102911516064759,143260977.0,3,a5be2561c39c60af,45ed221c5145016a,0106fab4dc2f35a2,holdout-2026-09-24T08:46:45+00:00,5,d51a9d818b0a54de,d0db3c6fcc40ffa2,2868d25f6f59b061,2026-10-05T05:06:21+00:00
